id,uid,name,desc
5f473dde94e9ab281ccc4a04,59281,leverage,invoice Dynamic Senior Buckinghamshire sexy Practical Checking structure
5f473dde94e9ab281ccc4a05,82949,Car,Account Realigned Clothing Towels Mouse Cotton Refined invoice
5f473dde94e9ab281ccc4a06,49622,primary,Mountain redefine Liaison Fantastic Account HDD zero Dynamic
5f473dde94e9ab281ccc4a07,64896,invoice,quantifying Cambridgeshire quantify indexing RAM National exploit Frozen
5f473dde94e9ab281ccc4a08,67738,black,GB compelling Accountability Industrial Japan Producer seize methodologies
5f473dde94e9ab281ccc4a09,65334,Future-proofed,Frozen Product quantifying Directives Operations SCSI Distributed card
5f473dde94e9ab281ccc4a0a,73756,backing,Awesome synthesizing Soft bleeding-edge encoding modular artificial bus
5f473dde94e9ab281ccc4a0b,99025,Associate,Soft Hat Rustic Tanzania system Washington B2B Mexican
5f473dde94e9ab281ccc4a0c,60173,bypass,deploy Rubber array deliver pricing Pants homogeneous Jewelery
5f473dde94e9ab281ccc4a0d,26672,Islands,Delaware Metal Ball up Fantastic auxiliary port Virginia
5f473dde94e9ab281ccc4a0e,34001,deposit,Guinea up cross-platform systems Hollow Tasty panel District
5f473dde94e9ab281ccc4a0f,4847,Loan,Romania invoice Developer Implemented Trail Awesome backing Accountability
5f473dde94e9ab281ccc4a10,19812,Incredible,driver Synergistic parse firewall feed fuchsia Fish synthesizing
5f473dde94e9ab281ccc4a11,43060,Directives,Music Games Tasty Industrial Forges Assurance Fresh Alaska
5f473dde94e9ab281ccc4a12,5558,monitor,initiatives Shoes cross-media Account partnerships Salvador SMS silver
5f473dde94e9ab281ccc4a13,20632,Cross-platform,neural Human iterate unleash Granite empower analyzer Soap
5f473dde94e9ab281ccc4a14,47274,violet,Configuration Music Virginia Organized morph Designer RAM Executive
5f473dde94e9ab281ccc4a15,50033,African,SMTP 1080p payment protocol empowering radical Argentina Concrete
5f473dde94e9ab281ccc4a16,49465,deposit,Chicken Polarised Springs Mobility Solomon system Tuna exploit
5f473dde94e9ab281ccc4a17,78303,optical,Granite forecast Tanzanian Visionary Global protocol override iterate
5f473dde94e9ab281ccc4a18,37643,Towels,infrastructure migration Implementation Plastic directional calculating Tasty Account
5f473dde94e9ab281ccc4a19,50747,Multi-channelled,Frozen invoice ivory Savings matrix Intelligent Berkshire Account
5f473dde94e9ab281ccc4a1a,3974,paradigms,transmitting maximized program Michigan Computer syndicate Devolved Burundi
5f473dde94e9ab281ccc4a1b,34604,bluetooth,Berkshire monitor Sleek Street Customizable initiative Common cross-platform
5f473dde94e9ab281ccc4a1c,11187,Tuna,Rupiah Facilitator Tools Analyst Central Technician technologies brand
5f473dde94e9ab281ccc4a1d,24692,Iceland,Chicken Proactive yellow Maine Beauty bus Programmable Open-source
5f473dde94e9ab281ccc4a1e,91515,Tools,Arizona Locks Mouse grow THX Cliffs Eritrea AGP
5f473dde94e9ab281ccc4a1f,59727,Cambridgeshire,index rich programming Sri Saint withdrawal e-business Future
5f473dde94e9ab281ccc4a20,34871,Programmable,Analyst cross-platform Nicaragua Loan Cambridgeshire Kids eyeballs Consultant
5f473dde94e9ab281ccc4a21,8077,Accounts,Direct Auto Shores Alabama Loan global Buckinghamshire Division
5f473dde94e9ab281ccc4a22,85954,cross-platform,Islands discrete disintermediate Computer Branding Plastic implement synthesizing
5f473dde94e9ab281ccc4a23,72402,bypassing,quantify 1080p Junctions Account Analyst Games program Refined
5f473dde94e9ab281ccc4a24,24193,support,program Universal Pants Associate violet Licensed Colorado Sausages
5f473dde94e9ab281ccc4a25,14260,eco-centric,Producer synthesize Paradigm Seamless synthesizing SDD Cambridgeshire Eritrea
5f473dde94e9ab281ccc4a26,31040,quantifying,Loan microchip Sleek Salad relationships pink Pants recontextualize
5f473dde94e9ab281ccc4a27,60968,Lilangeni,Congolese ubiquitous Creek parsing Concrete integrate Solutions matrix
5f473dde94e9ab281ccc4a28,10639,USB,Pre-emptive Jewelery Unbranded Computers Account bricks-and-clicks Incredible Krone
5f473dde94e9ab281ccc4a29,49069,bleeding-edge,bandwidth-monitored Gardens Russian Virginia Timor-Leste Concrete alarm state
5f473dde94e9ab281ccc4a2a,7091,Generic,compelling Intelligent evolve withdrawal Personal Nepal Pine Soft
5f473dde94e9ab281ccc4a2b,30369,JBOD,Keyboard SAS Cyprus blue connect Assistant override Pierre
5f473dde94e9ab281ccc4a2c,8431,Cheese,Metal Zealand Bedfordshire silver Computer Avon Grass-roots Granite
5f473dde94e9ab281ccc4a2d,64471,Supervisor,"Islands, Cambodia Home Dynamic Developer Markets orange Loan"
5f473dde94e9ab281ccc4a2e,99146,solution,invoice implement Berkshire Planner drive hybrid Iowa Mayotte
5f473dde94e9ab281ccc4a2f,51268,bluetooth,lime transmit Latvia Chief FTP Route Wooden matrix
5f473dde94e9ab281ccc4a30,19185,Salad,calculating Fish mint Grass-roots magnetic indexing national explicit
5f473dde94e9ab281ccc4a31,36463,Granite,Handmade Pizza JBOD wireless Frozen 24/365 Central toolset
5f473dde94e9ab281ccc4a32,92176,Corporate,Legacy 24/7 navigating Forks Rubber 24/7 Islands Indian
5f473dde94e9ab281ccc4a33,18400,markets,up application Chips generating tangible Advanced generating Fords
5f473dde94e9ab281ccc4a34,5897,connecting,indexing generation e-markets responsive Avon HTTP TCP Account
5f473dde94e9ab281ccc4a35,37098,Chief,Industrial Russian AI feed China Team-oriented generating Fresh
5f473dde94e9ab281ccc4a36,23310,Credit,embrace web-enabled Buckinghamshire Baby protocol Home Outdoors optimize
5f473dde94e9ab281ccc4a37,19309,RAM,Designer navigate Taiwan partnerships even-keeled Graphic sky empowering
5f473dde94e9ab281ccc4a38,63343,utilize,Bacon deposit online parse Analyst Oklahoma Unit Cotton
5f473dde94e9ab281ccc4a39,25468,customer,asymmetric state Colorado Intranet Michigan compress Martinique Western
5f473dde94e9ab281ccc4a3a,55878,Toys,deposit array Guilder motivating technologies transmit SMTP state
5f473dde94e9ab281ccc4a3b,27015,Loan,Hat primary e-markets Producer Bedfordshire frictionless Delaware RAM
5f473dde94e9ab281ccc4a3c,3974,override,Kuwaiti Turkish Baby Cotton Mouse generate Unbranded generate
5f473dde94e9ab281ccc4a3d,76415,context-sensitive,quantify Market Rubber program Jordan SMTP synergize Plastic
5f473dde94e9ab281ccc4a3e,79896,Fresh,bricks-and-clicks Carolina monetize purple connecting Towels Coordinator Auto
5f473dde94e9ab281ccc4a3f,66363,bypass,vertical orchid invoice Virtual Louisiana Missouri copy Savings
5f473dde94e9ab281ccc4a40,37163,synthesize,Jewelery Wooden Investor AI Niger evolve Rubber copying
5f473dde94e9ab281ccc4a41,26389,Lempira,Handmade plum initiatives systemic up Account Crest EXE
5f473dde94e9ab281ccc4a42,39800,Cambridgeshire,Malta exuding program Gloves Designer circuit Analyst composite
5f473dde94e9ab281ccc4a43,41265,Practical,convergence e-enable index Quality Shore Avon copy SQL
5f473dde94e9ab281ccc4a44,7629,bandwidth-monitored,Human Checking Card Italy revolutionize redundant circuit Awesome
5f473dde94e9ab281ccc4a45,93806,Designer,Frozen Ergonomic Customer Handcrafted Creative Glen JSON Cross-group
5f473dde94e9ab281ccc4a46,27095,Account,Nebraska protocol Synergized XSS CSS Soft Gorgeous Rustic
5f473dde94e9ab281ccc4a47,43328,Avon,Berkshire Ridges Buckinghamshire Fantastic Florida Club Buckinghamshire online
5f473dde94e9ab281ccc4a48,90477,utilize,needs-based Soap Decentralized Kids Triple-buffered customized Vanuatu Green
5f473dde94e9ab281ccc4a49,95809,PCI,Gorgeous Haiti bypass Mouse Account Garden process deposit
5f473dde94e9ab281ccc4a4a,54483,Brand,tan Jewelery RAM Plastic hack Open-source Coordinator bandwidth
5f473dde94e9ab281ccc4a4b,92781,Future,Associate Sudanese Mauritius indexing synergistic Practical Chips TCP
5f473dde94e9ab281ccc4a4c,17661,regional,SMS calculating secured Representative Technician Delaware payment blockchains
5f473dde94e9ab281ccc4a4d,4753,generating,feed AGP deposit azure bypass copying responsive withdrawal
5f473dde94e9ab281ccc4a4e,89210,Intranet,circuit Intelligent Gorgeous Wooden Card Cotton COM pixel
5f473dde94e9ab281ccc4a4f,42721,Missouri,Branding Tuna Rubber Director Georgia Denmark Senior e-services
5f473dde94e9ab281ccc4a50,16737,program,Credit full-range wireless ADP Sausages GB Anguilla implementation
5f473dde94e9ab281ccc4a51,70620,schemas,Reactive ADP Chair supply-chains calculate Bedfordshire compressing Specialist
5f473dde94e9ab281ccc4a52,92584,Implementation,Up-sized violet primary Coordinator blue Sports Avon Borders
5f473dde94e9ab281ccc4a53,38644,deposit,Administrator Health partnerships Market Fresh Road Avon Loan
5f473dde94e9ab281ccc4a54,73250,uniform,Pre-emptive compressing Manager Granite client-driven Groves Unbranded Frozen
5f473dde94e9ab281ccc4a55,39189,regional,Lithuanian paradigms bluetooth haptic Account Dollar Direct transparent
5f473dde94e9ab281ccc4a56,4041,Home,Pants Designer Functionality Berkshire vertical driver AI Dalasi
5f473dde94e9ab281ccc4a57,76944,Sausages,Arkansas Marshall New Card Refined Circles Borders repurpose
5f473dde94e9ab281ccc4a58,89521,indigo,conglomeration attitude-oriented Rial withdrawal Park Lead HDD array
5f473dde94e9ab281ccc4a59,56998,TCP,web-readiness matrices Facilitator South Interactions Rest interactive implementation
5f473dde94e9ab281ccc4a5a,22068,Buckinghamshire,calculate International IB Parkway Markets Computer rich Concrete
5f473dde94e9ab281ccc4a5b,37194,Pula,Cheese pixel Drive monitor Cambridgeshire Versatile defect policy
5f473dde94e9ab281ccc4a5c,96584,Manager,Tasty Kuwait back-end Strategist indexing Dinar Prairie Handmade
5f473dde94e9ab281ccc4a5d,57987,virtual,orchestrate Awesome SCSI convergence Plastic Reactive bypassing primary
5f473dde94e9ab281ccc4a5e,46107,Bike,dynamic envisioneer grey Burgs & De-engineered Islands Rustic
5f473dde94e9ab281ccc4a5f,37411,Soft,Coordinator protocol IB synthesizing Franc Hawaii Berkshire Greece
5f473dde94e9ab281ccc4a60,60478,Ukraine,Account cyan engage multi-state Plain deposit mint fuchsia
5f473dde94e9ab281ccc4a61,8378,USB,Yemen Metal utilize project reintermediate Isle throughput Netherlands
5f473dde94e9ab281ccc4a62,86942,innovative,Steel EXE Isle override Idaho Rial granular needs-based
5f473dde94e9ab281ccc4a63,33997,Consultant,RSS Automotive Bedfordshire reboot Fundamental Jamaican Plastic supply-chains
5f473dde94e9ab281ccc4a64,73446,Eritrea,policy Plaza infrastructures bluetooth Investment connect up Iran
5f473dde94e9ab281ccc4a65,39110,hacking,Lucia Home Savings Distributed blockchains global Gorgeous Dynamic
5f473dde94e9ab281ccc4a66,49338,Associate,Music Supervisor Colombia strategy green Senior Cambridgeshire Savings
5f473dde94e9ab281ccc4a67,88598,Pound,navigate quantifying implement Rubber copy firewall SCSI PNG
5f473e2fd7606b1a08e8b0eb,96082,Shirt,Frozen well-modulated productize Pizza upward-trending primary Direct Principal
5f473e2fd7606b1a08e8b0ec,27043,Common,Analyst tangible Direct middleware virtual Forward Tanzanian revolutionize
5f473e2fd7606b1a08e8b0ed,51947,navigating,synergistic Rwanda Generic bifurcated web-readiness zero hard wireless
5f473e2fd7606b1a08e8b0ee,60930,transform,Home Plastic Norfolk e-commerce high-level violet Small quantify
5f473e2fd7606b1a08e8b0ef,76453,Tunnel,CSS Lead withdrawal Berkshire GB red Soap Glens
5f473e2fd7606b1a08e8b0f0,11800,port,Centralized Louisiana intermediate Frozen copying Savings Executive Borders
5f473e2fd7606b1a08e8b0f1,90648,CSS,Chicken mesh Luxembourg Unbranded Supervisor Pants Ball Customer
5f473e2fd7606b1a08e8b0f2,47056,Account,Movies Hawaii 1080p blue monetize open-source calculating Investment
5f473e2fd7606b1a08e8b0f3,30262,transmitter,Grenadines programming bypassing wireless Personal Ngultrum Refined Executive
5f473e2fd7606b1a08e8b0f4,10678,Delaware,Bedfordshire generating Future fuchsia connecting enterprise SDD Cambridgeshire
5f473e2fd7606b1a08e8b0f5,20830,Liaison,payment interactive Lead bypass sticky cross-platform Tasty Congo
5f473e2fd7606b1a08e8b0f6,14449,Chief,Senegal Human Utah JSON indexing Baht scale Sharable
5f473e2fd7606b1a08e8b0f7,77112,online,AI generate attitude-oriented AI Principal user-centric hack Mandatory
5f473e2fd7606b1a08e8b0f8,9511,exploit,Reduced Producer Curve drive Hat generation Salad Account
5f473e2fd7606b1a08e8b0f9,21773,Phased,Books Loan Nebraska emulation Computer backing Ergonomic aggregate
5f473e2fd7606b1a08e8b0fa,23372,Division,Chicken e-markets SDR Shirt Operations Lesotho Frozen California
5f473e2fd7606b1a08e8b0fb,23070,Implementation,monitor proactive real-time connect B2C orange Cotton TCP
5f473e2fd7606b1a08e8b0fc,8986,composite,Face RAM Common Bedfordshire haptic SMS connect Kids
5f473e2fd7606b1a08e8b0fd,75555,directional,Borders strategic Product black Program International Configuration Representative
5f473e2fd7606b1a08e8b0fe,46000,Soft,proactive harness Rubber Fish background Awesome Plastic fuchsia
5f473e2fd7606b1a08e8b0ff,28475,mission-critical,quantify benchmark Plaza JBOD calculate Guarani Well Arkansas
5f473e2fd7606b1a08e8b100,387,bandwidth,Tasty Industrial Rubber Kyrgyz Metrics deliverables best-of-breed compress
5f473e2fd7606b1a08e8b101,42940,Object-based,feed Developer Movies line calculating blue purple installation
5f473e2fd7606b1a08e8b102,98984,data-warehouse,Fresh GB programming Malta magenta Investment cyan Senior
5f473e2fd7606b1a08e8b103,55252,Ghana,generate Synchronised Belarus implement Games iterate Investor Bedfordshire
5f473e2fd7606b1a08e8b104,1476,Bike,Cambridgeshire Liaison Buckinghamshire withdrawal Ergonomic and JSON online
5f473e2fd7606b1a08e8b105,73306,azure,infrastructures Plaza navigating Indiana Fantastic Legacy real-time Dynamic
5f473e2fd7606b1a08e8b106,13691,Tasty,e-services parsing grow Car compressing Central Movies compressing
5f473e2fd7606b1a08e8b107,84313,SMTP,Sri optical Mouse Solutions orchestrate Universal West Balanced
5f473e2fd7606b1a08e8b108,45745,calculate,override Coves Fantastic orchestration Salad Ball digital communities
5f473e2fd7606b1a08e8b109,79880,Refined,withdrawal Cambridgeshire Shoes multi-byte Toys multi-byte harness Sleek
5f473e2fd7606b1a08e8b10a,73458,Cambridgeshire,Frozen bypassing Bedfordshire Intelligent bandwidth grey Market mobile
5f473e2fd7606b1a08e8b10b,24031,Specialist,Cote strategize Infrastructure orchid primary hack withdrawal black
5f473e2fd7606b1a08e8b10c,78400,bleeding-edge,dynamic virtual SMS deliverables Malta Bedfordshire cross-platform compress
5f473e2fd7606b1a08e8b10d,45120,Mandatory,Frozen Horizontal Representative auxiliary bypass indigo Tuna efficient
5f473e2fd7606b1a08e8b10e,32625,yellow,Corporate Dynamic Guernsey Chicken quantifying Bike Streets Cambridgeshire
5f473e2fd7606b1a08e8b10f,2499,card,contextually-based wireless hacking Up-sized Mouse Saudi Jersey Minnesota
5f473e2fd7606b1a08e8b110,96048,markets,up Inverse black Buckinghamshire Fresh Sleek Arkansas Infrastructure
5f473e2fd7606b1a08e8b111,84457,Incredible,Dollar Identity invoice utilize 24/7 Granite Front-line Integration
5f473e2fd7606b1a08e8b112,24037,HDD,compress Harbors International grow interface enterprise Loan value-added
5f473e2fd7606b1a08e8b113,17560,SMTP,deliver Creative orange Home connect Facilitator CSS Money
5f473e2fd7606b1a08e8b114,58589,Borders,distributed dynamic deposit Villages User-friendly access scalable Home
5f473e2fd7606b1a08e8b115,40809,Small,Realigned Dalasi Loan functionalities and Row Jewelery Loan
5f473e2fd7606b1a08e8b116,57657,deposit,calculating Meadow Swiss copy override Customer auxiliary Borders
5f473e2fd7606b1a08e8b117,27358,compress,Field invoice infrastructure Afghani Mouse quantify compress EXE
5f473e2fd7606b1a08e8b118,97024,Toys,Towels JBOD Sports quantify proactive withdrawal Health New
5f473e2fd7606b1a08e8b119,42463,Steel,tolerance Configuration 4th compelling functionalities Wells systems contextually-based
5f473e2fd7606b1a08e8b11a,97382,XML,Dollar Frozen sticky Bedfordshire GB supply-chains Refined Fresh
5f473e2fd7606b1a08e8b11b,99384,Vatu,Supervisor front-end generate Chips Poland connecting Arizona Chips
5f473e2fd7606b1a08e8b11c,78405,Ergonomic,scale Handcrafted Bacon De-engineered Nauru withdrawal Pizza Wooden
5f473e2fd7606b1a08e8b11d,97241,Azerbaijan,green Awesome Bedfordshire Lead bypass Roads initiative Extension
5f473e2fd7606b1a08e8b11e,97214,Advanced,Administrator invoice Visionary Circle Wooden Division Computers Towels
5f473e2fd7606b1a08e8b11f,24714,experiences,state Ouguiya drive Liaison Illinois up Expressway Shoes
5f473e2fd7606b1a08e8b120,49129,JBOD,bandwidth-monitored Right-sized primary Grocery cyan frame Group uniform
5f473e2fd7606b1a08e8b121,37348,Dobra,Factors haptic reintermediate demand-driven Virtual Place hard circuit
5f473e2fd7606b1a08e8b122,6691,aggregate,Car Sleek Caicos Principal payment firewall tolerance program
5f473e2fd7606b1a08e8b123,87926,indexing,partnerships emulation Quality port connect Shirt Handmade bluetooth
5f473e2fd7606b1a08e8b124,41523,framework,Optional haptic connecting SAS Analyst Salad territory Mouse
5f473e2fd7606b1a08e8b125,50559,demand-driven,Berkshire Spain Central Bedfordshire Forges Guyana Lock Functionality
5f473e2fd7606b1a08e8b126,48602,aggregate,synergies Fish redundant solutions protocol HDD Canadian Metal
5f473e2fd7606b1a08e8b127,3920,hack,rich improvement Dram magenta AI Station Taka invoice
5f473e2fd7606b1a08e8b128,8824,Italy,Paradigm indexing Soap Account clear-thinking niches 24/7 bluetooth
5f473e2fd7606b1a08e8b129,83897,teal,homogeneous Mountain Strategist green Implementation Accounts generate copy
5f473e2fd7606b1a08e8b12a,76011,Games,Intelligent Vista function California Carolina reintermediate JSON withdrawal
5f473e2fd7606b1a08e8b12b,5785,Engineer,Dynamic Fresh static vortals overriding visionary Turks synergistic
5f473e2fd7606b1a08e8b12c,19874,calculate,Cotton Harbors microchip maroon Lead parallelism hacking Dynamic
5f473e2fd7606b1a08e8b12d,87481,Mobility,invoice panel SMTP invoice Shirt Texas state ADP
5f473e2fd7606b1a08e8b12e,44332,Investor,1080p Georgia maroon Land Ergonomic Pants Pants orchid
5f473e2fd7606b1a08e8b12f,18220,Money,mobile granular Personal Wooden Regional expedite Investment azure
5f473e2fd7606b1a08e8b130,67805,Account,program Stream generate Assistant Rubber back tolerance Concrete
5f473e2fd7606b1a08e8b131,73461,Electronics,Cambridgeshire withdrawal magenta Monetary transmit Sahara firmware asynchronous
5f473e2fd7606b1a08e8b132,44259,Outdoors,Trail circuit Borders Qatari Team-oriented Malta Awesome payment
5f473e2fd7606b1a08e8b133,11937,Loan,Salad Streamlined indexing Internal firewall International Fresh Cape
5f473e2fd7606b1a08e8b134,67407,Palau,Loan protocol asymmetric Chief Loan salmon Wisconsin value-added
5f473e2fd7606b1a08e8b135,63251,Utah,Buckinghamshire Chair Ball Dirham Directives Cotton Supervisor experiences
5f473e2fd7606b1a08e8b136,78023,methodical,innovative intangible Herzegovina Personal Chips asynchronous Gloves Legacy
5f473e2fd7606b1a08e8b137,94273,Island,Soft productivity Towels killer group Awesome Incredible primary
5f473e2fd7606b1a08e8b138,43197,Developer,coherent Plastic Gibraltar Rupee Lek program intangible SAS
5f473e2fd7606b1a08e8b139,50031,Estonia,Savings solid Generic Sausages Bahrain Automotive Incredible world-class
5f473e2fd7606b1a08e8b13a,24305,visualize,Research Computer azure Clothing circuit Human transmitter HDD
5f473e2fd7606b1a08e8b13b,40248,mobile,Music Account utilize Turkish Object-based Armenian seize Outdoors
5f473e2fd7606b1a08e8b13c,12222,incubate,Awesome Gold back-end SDD CSS Internal system core
5f473e2fd7606b1a08e8b13d,80268,Concrete,heuristic Handcrafted ADP content-based JBOD Plastic copy Specialist
5f473e2fd7606b1a08e8b13e,43816,Music,Avon Concrete SCSI bypassing intermediate Assistant Engineer Corporate
5f473e2fd7606b1a08e8b13f,98547,Consultant,Plastic Creative Practical services Cotton Steel THX extend
5f473e2fd7606b1a08e8b140,30178,Generic,B2B Enhanced product lime input Holy Bedfordshire invoice
5f473e2fd7606b1a08e8b141,26314,transmitter,deposit Supervisor Forward Rustic Accountability B2C synthesize Account
5f473e2fd7606b1a08e8b142,38928,port,Intelligent Account vortals Village program Dinar Unbranded deliverables
5f473e2fd7606b1a08e8b143,61293,Bedfordshire,Dollar Riel Account incubate bypassing Tuna Bacon Specialist
5f473e2fd7606b1a08e8b144,72785,human-resource,black Multi-channelled open-source Lats web purple engineer Regional
5f473e2fd7606b1a08e8b145,69096,mission-critical,Avon Supervisor Borders turquoise Bermuda alliance secured generating
5f473e2fd7606b1a08e8b146,96698,navigating,embrace Avon Quality Chair Music e-commerce website pixel
5f473e2fd7606b1a08e8b147,43876,vortals,deposit SCSI encryption reinvent Cheese Usability solid Berkshire
5f473e2fd7606b1a08e8b148,6990,Refined,reboot Implementation Investment invoice Cotton Indiana Auto Mauritius
5f473e2fd7606b1a08e8b149,1581,deposit,Oklahoma Alaska AI USB Cotton web-enabled out-of-the-box knowledge
5f473e2fd7606b1a08e8b14a,39652,Vista,viral generating ADP Card Inverse Cotton Computer Exclusive
5f473e2fd7606b1a08e8b14b,74114,tolerance,eyeballs channels framework Metrics Loan Outdoors Loan Cambridgeshire
5f473e2fd7606b1a08e8b14c,86927,green,Keyboard Borders FTP Corporate Unbranded invoice Michigan recontextualize
5f473e2fd7606b1a08e8b14d,33212,Program,content Assurance payment Soft Chicken Marketing incremental Steel
5f473e2fd7606b1a08e8b14e,97536,Account,Specialist Facilitator Overpass parse Metal impactful Outdoors world-class
